Id,Id2,City,State,Population 2010,Population 2011,2010 to 2011 change,Population 2012,2011 to 2012 change,Population Estimate 2013,2012 to 2013 change,Population  2014,2013 to 2014 change,Population Estimate 2015,2014 to 2015 change,Population 2016,2015 to 2016 change,Population 2017,2016 to 2017 change,Population 2018,2017 to 2018 change,Sum of Change,Ave. Change,Change from 2010 to 2018,Lat,Lng,f_2010,f_2011,f_2012,f_2013,f_2014,f_2015,f_2016,f_2017,f_ave
1620000US2629000,2629000,Flint , Michigan,101997,101207,-0.00770,100185,-0.01010,99427,-0.00760,98565,-0.00870,97761,-0.00820,97026,-0.00750,96488,-0.00550,95943,-0.00560,-0.06090,-0.76000,-0.05940,43.0125274,-83.6874562,27199,26621,26339,24834,24679,24862,25650,26330,25814.25
1620000US2270000,2270000,Shreveport , Louisiana,200869,201746,0.00440,201790,0.00020,199923,-0.00930,197740,-0.01090,196508,-0.00620,194222,-0.01160,191638,-0.01330,188987,-0.01380,-0.06060,-0.76000,-0.05920,32.5251516,-93.7501789,35613,36803,38465,38633,38413,38583,38056,37390,37744.5
1620000US2622000,2622000,Detroit , Michigan,711120,705043,-0.00850,700159,-0.00690,691883,-0.01180,682669,-0.01330,679305,-0.00490,676883,-0.00360,674188,-0.00400,672662,-0.00230,-0.05530,-0.69000,-0.05410,42.331427,-83.0457538,28357,27862,26955,26325,26095,25764,26249,27838,26930.625
1620000US2836000,2836000,Jackson , Mississippi,173738,175168,0.00820,174845,-0.00180,172943,-0.01090,172030,-0.00530,170943,-0.00630,169080,-0.01090,166909,-0.01280,164422,-0.01490,-0.05470,-0.68000,-0.05360,32.2987573,-90.1848103,32917,31063,37083,34750,29764,31232,31096,30694,32324.875
1620000US4224000,4224000,Erie , Pennsylvania,101724,101506,-0.00210,101287,-0.00220,100533,-0.00740,99712,-0.00820,99024,-0.00690,98239,-0.00790,97313,-0.00940,96471,-0.00870,-0.05280,-0.66000,-0.05160,42.1292241,-80.085059,38796,38047,36905,42386,40313,39519,39191,43929,39885.75
1620000US2965000,2965000,St. Louis , Missouri,319318,319294,-0.00010,319387,0.00030,318459,-0.00290,317395,-0.00330,315878,-0.00480,312389,-0.01100,307866,-0.01450,302838,-0.01630,-0.05270,-0.66000,-0.05160,38.6270025,-90.1994042,27690,29194,27305,28063,28569,34524,37768,40577,31711.25
1620000US1765000,1765000,Rockford , Illinois,153148,152122,-0.00670,151267,-0.00560,150629,-0.00420,149415,-0.00810,148496,-0.00620,147781,-0.00480,147028,-0.00510,146526,-0.00340,-0.04410,-0.55000,-0.04320,42.2711311,-89.0939952,38573,38864,38157,38067,38231,38716,40143,41991,39092.75
1620000US3977000,3977000,Toledo , Ohio,287030,285347,-0.00590,283129,-0.00780,282303,-0.00290,280672,-0.00580,279816,-0.00300,278780,-0.00370,276618,-0.00780,274975,-0.00590,-0.04280,-0.53000,-0.04200,41.6528052,-83.5378674,35357,36452,36543,38017,42708,46406,41538,42917,39992.25
1620000US0151000,151000,Montgomery , Alabama,205593,205180,-0.00200,203937,-0.00610,202426,-0.00740,201435,-0.00490,200993,-0.00220,200360,-0.00310,199892,-0.00230,198218,-0.00840,-0.03640,-0.46000,-0.03590,32.3792233,-86.3077368,42992,43674,43390,43702,43535,42927,43440,44339,43499.875
1620000US2205000,2205000,Baton Rouge , Louisiana,229369,228595,-0.00340,228834,0.00100,228280,-0.00240,227774,-0.00220,227044,-0.00320,226397,-0.00280,223948,-0.01080,221599,-0.01050,-0.03430,-0.43000,-0.03390,30.4514677,-91.1871466,36964,37381,38974,38593,38790,39876,39969,40948,38936.875
1620000US1759000,1759000,Peoria , Illinois,114936,115373,0.00380,115746,0.00320,116599,0.00740,115916,-0.00590,115150,-0.00660,114189,-0.00830,112592,-0.01400,111388,-0.01070,-0.03110,-0.39000,-0.03090,40.6936488,-89.5889864,63535,64270,63940,62013,63025,65314,66163,69589,64731.125
1620000US3916000,3916000,Cleveland , Ohio,395890,392594,-0.00830,391500,-0.00280,391759,0.00070,390850,-0.00230,389248,-0.00410,387708,-0.00400,385428,-0.00590,383793,-0.00420,-0.03090,-0.39000,-0.03060,41.49932,-81.6943605,23865,22727,26141,26588,33424,33494,40281,38228,30593.5
1620000US2404000,2404000,Baltimore , Maryland,621005,620442,-0.00090,622973,0.00410,622497,-0.00080,623165,0.00110,622150,-0.00160,615849,-0.01010,609841,-0.00980,602495,-0.01200,-0.03010,-0.38000,-0.02980,39.2903848,-76.6121893,39386,40100,40803,41385,41819,42241,44262,46641,42079.625
1620000US0150000,150000,Mobile , Alabama,194577,193992,-0.00300,193858,-0.00070,193555,-0.00160,192979,-0.00300,192377,-0.00310,191885,-0.00260,190501,-0.00720,189572,-0.00490,-0.02600,-0.33000,-0.02570,30.6953657,-88.0398912,37056,38240,38722,38644,39241,38776,38759,40020,38682.25
1620000US0937000,937000,Hartford , Connecticut,125359,125431,0.00060,125277,-0.00120,125142,-0.00110,124683,-0.00370,124338,-0.00280,123679,-0.00530,122902,-0.00630,122587,-0.00260,-0.02230,-0.28000,-0.02210,41.7658043,-72.6733723,26086,25717,24141,23940,24245,22094,28098,27014,25166.875
1620000US5135000,5135000,Hampton , Virginia,137336,136528,-0.00590,137083,0.00410,137243,0.00120,137597,0.00260,136187,-0.01020,135238,-0.00700,134581,-0.00490,134313,-0.00200,-0.02210,-0.28000,-0.02200,37.0298687,-76.3452218,32500,30455,28611,26000,27241,26222,26444,28347,28227.5
1620000US1772000,1772000,Springfield , Illinois,117141,117780,0.00550,117930,0.00130,117637,-0.00250,117501,-0.00120,117231,-0.00230,116540,-0.00590,115688,-0.00730,114694,-0.00860,-0.02100,-0.26000,-0.02090,39.7817213,-89.6501481,43795,38921,36693,39316,35511,34167,35448,35861,37464
1620000US0980000,980000,Waterbury , Connecticut,110371,110086,-0.00260,110035,-0.00050,109751,-0.00260,109551,-0.00180,109018,-0.00490,108473,-0.00500,108277,-0.00180,108093,-0.00170,-0.02080,-0.26000,-0.02060,41.5581525,-73.0514965,40254,41499,40867,40639,41136,40467,39681,40879,40677.75
1620000US3663000,3663000,Rochester , New York,210452,210710,0.00120,210600,-0.00050,210454,-0.00070,209626,-0.00390,208709,-0.00440,207729,-0.00470,206483,-0.00600,206284,-0.00100,-0.02000,-0.25000,-0.01980,43.1565779,-77.6088465,32734,33696,30861,29731,29935,36692,39076,40451,34147
1620000US3611000,3611000,Buffalo , New York,261301,260706,-0.00230,260176,-0.00200,260041,-0.00050,259584,-0.00180,258339,-0.00480,256960,-0.00530,256430,-0.00210,256304,-0.00050,-0.01930,-0.24000,-0.01910,42.8864468,-78.8783689,53992,53086,55135,45714,42750,44922,46979,50667,49155.625
1620000US1822000,1822000,Evansville , Indiana,120095,120207,0.00090,120263,0.00050,120296,0.00030,120154,-0.00120,119442,-0.00590,118915,-0.00440,118288,-0.00530,117963,-0.00270,-0.01790,-0.22000,-0.01780,37.9715592,-87.5710898,35469,36143,35947,35839,35996,35785,36330,36956,36058.125
1620000US1349008,1349008,Macon-Bibb County, Georgia,155810,156160,0.00220,156610,0.00290,155036,-0.01010,154333,-0.00450,153948,-0.00250,153180,-0.00500,152892,-0.00190,153095,0.00130,-0.01750,-0.22000,-0.01740,32.8406946,-83.6324022,0,0,0,0,0,0,0,0,0
1620000US3673000,3673000,Syracuse , New York,145270,144566,-0.00480,144462,-0.00070,145096,0.00440,144385,-0.00490,143827,-0.00390,143181,-0.00450,142300,-0.00620,142749,0.00320,-0.01740,-0.22000,-0.01740,43.0481221,-76.1474244,33915,34926,39375,37885,37708,44107,47723,47793,40429
1620000US2071000,2071000,Topeka , Kansas,127913,128216,0.00240,128087,-0.00100,127726,-0.00280,127496,-0.00180,127422,-0.00060,126989,-0.00340,126583,-0.00320,125904,-0.00540,-0.01580,-0.20000,-0.01570,39.0473451,-95.6751576,40342,40362,40451,40826,41412,42250,43740,46087,41933.75
1620000US4261000,4261000,Pittsburgh , Pennsylvania,305410,306107,0.00230,306470,0.00120,307022,0.00180,306092,-0.00300,304211,-0.00610,304814,0.00200,301720,-0.01020,301048,-0.00220,-0.01430,-0.18000,-0.01430,40.4406248,-79.9958864,36019,37161,38029,39195,40009,40715,42450,44092,39708.75
1620000US5156000,5156000,Newport News , Virginia,180925,180098,-0.00460,180094,0.00000,181320,0.00680,181576,0.00140,180948,-0.00350,180179,-0.00420,179398,-0.00430,178626,-0.00430,-0.01270,-0.16000,-0.01270,37.0870821,-76.4730122,49562,50942,50744,51027,51000,50077,50089,51082,50565.375
1620000US3921000,3921000,Dayton , Ohio,142355,141988,-0.00260,141909,-0.00060,142029,0.00080,141118,-0.00640,140834,-0.00200,140858,0.00020,140416,-0.00310,140640,0.00160,-0.01210,-0.15000,-0.01200,39.7589478,-84.1916069,52500,63542,46250,65625,39583,41806,61719,58125,53643.75
1620000US0107000,107000,Birmingham , Alabama,211743,211566,-0.00080,210749,-0.00390,211230,0.00230,211109,-0.00060,211703,0.00280,211436,-0.00130,210966,-0.00220,209880,-0.00510,-0.00880,-0.11000,-0.00880,33.5185892,-86.8103567,31827,31898,31467,31445,31217,31061,32404,33770,31886.125
1620000US0203000,203000,Anchorage municipality, Alaska,293310,296154,0.00970,298233,0.00700,301155,0.00980,299927,-0.00410,297613,-0.00770,297216,-0.00130,294264,-0.00990,291538,-0.00930,-0.00580,-0.07000,-0.00600,61.2180556,-149.9002778,73004,75485,76495,77454,78121,78326,80862,82271,77752.25
1620000US3457000,3457000,Paterson , New Jersey,146397,145595,-0.00550,146136,0.00370,146089,-0.00030,145970,-0.00080,145911,-0.00040,145682,-0.00160,145804,0.00080,145627,-0.00120,-0.00520,-0.07000,-0.00530,40.9167654,-74.171811,34086,34302,33583,32707,33964,32915,34042,36106,33963.125
1620000US3901000,3901000,Akron , Ohio,199003,199016,0.00010,198884,-0.00070,198901,0.00010,198937,0.00020,198524,-0.00210,198021,-0.00250,198092,0.00040,198006,-0.00040,-0.00500,-0.06000,-0.00500,41.0814447,-81.5190053,41369,47188,47939,45000,39345,41161,44615,45476,44011.625
1620000US5553000,5553000,Milwaukee , Wisconsin,594881,597056,0.00370,598581,0.00260,599965,0.00230,600743,0.00130,600627,-0.00020,597123,-0.00580,593905,-0.00540,592025,-0.00320,-0.00480,-0.06000,-0.00480,43.0389025,-87.9064736,35921,35851,35823,35467,35489,35958,36801,38289,36199.875
1620000US0652526,652526,Norwalk , California,105547,105915,0.00350,106019,0.00100,106192,0.00160,106282,0.00080,106365,0.00080,106002,-0.00340,105620,-0.00360,105120,-0.00470,-0.00400,-0.05000,-0.00400,33.9022367,-118.081733,60488,60090,60485,60770,60523,59756,61050,63669,60853.875
1620000US4748000,4748000,Memphis , Tennessee,652309,655590,0.00500,659089,0.00530,657877,-0.00180,655936,-0.00300,654876,-0.00160,653184,-0.00260,651562,-0.00250,650618,-0.00140,-0.00260,-0.03000,-0.00260,35.1495343,-90.0489801,37011,38167,39803,40156,43393,45234,48250,39844,41482.25
1620000US0636546,636546,Inglewood , California,109687,110542,0.00780,110938,0.00360,111055,0.00110,110971,-0.00080,110860,-0.00100,110470,-0.00350,110108,-0.00330,109419,-0.00630,-0.00240,-0.03000,-0.00240,33.9616801,-118.3531311,43460,44021,44558,43394,42249,42044,44377,46389,43811.5
1620000US4879000,4879000,Wichita Falls , Texas,104793,103946,-0.00810,104622,0.00650,104955,0.00320,105216,0.00250,103960,-0.01190,104203,0.00230,104493,0.00280,104576,0.00080,-0.00190,-0.02000,-0.00210,33.9137085,-98.4933873,40670,42559,44390,44028,43751,44543,43997,44285,43527.875
1620000US0680000,680000,Torrance , California,145183,145811,0.00430,146340,0.00360,146791,0.00310,147001,0.00140,147155,0.00100,146660,-0.00340,146025,-0.00430,145182,-0.00580,0.00000,0.00000,0.00000,33.8358492,-118.3406288,74163,75885,76082,77061,78286,79549,80862,85070,78369.75
1620000US0908000,908000,Bridgeport , Connecticut,144858,146131,0.00880,147097,0.00660,147726,0.00430,147892,0.00110,147460,-0.00290,146353,-0.00750,145408,-0.00650,144900,-0.00350,0.00040,0.01000,0.00030,41.1792258,-73.1894384,36282,34576,35821,36324,35379,28571,29122,30852,33365.875
1620000US2935000,2935000,Independence , Missouri,116881,116898,0.00010,117305,0.00350,117275,-0.00030,117504,0.00200,117241,-0.00220,117232,-0.00010,117127,-0.00090,116925,-0.00170,0.00040,0.00000,0.00040,39.0911161,-94.4155068,46589,49341,51266,52710,51169,50036,45313,49104,49441
1620000US0684200,684200,West Covina , California,106128,106738,0.00570,107130,0.00370,107424,0.00270,107552,0.00120,107677,0.00120,107607,-0.00070,107115,-0.00460,106311,-0.00750,0.00180,0.02000,0.00170,34.0686208,-117.9389526,69587,68308,68677,67088,67069,69189,71217,74551,69460.75
1620000US1738570,1738570,Joliet , Illinois,147654,147900,0.00170,148227,0.00220,147910,-0.00210,147767,-0.00100,147626,-0.00100,148001,0.00250,148065,0.00040,148099,0.00020,0.00300,0.04000,0.00300,41.525031,-88.0817251,60714,60528,61948,61744,62008,60976,61834,63359,61638.875
1620000US1714000,1714000,Chicago , Illinois,2697529,2708209,0.00400,2719735,0.00430,2726772,0.00260,2728524,0.00060,2726215,-0.00080,2718946,-0.00270,2713067,-0.00220,2705994,-0.00260,0.00320,0.04000,0.00310,41.8781136,-87.6297982,46877,47371,47408,47270,47831,48522,50434,52497,48526.25
1620000US0608954,608954,Burbank , California,103357,103749,0.00380,104125,0.00360,104430,0.00290,104508,0.00070,104613,0.00100,104266,-0.00330,104351,0.00080,103695,-0.00630,0.00330,0.04000,0.00330,34.1808392,-118.3089661,63356,66024,67693,66240,66111,66076,67317,69118,66491.875
1620000US1304204,1304204,Augusta-Richmond County consolidated government (balance), Georgia,196192,195643,-0.00280,196834,0.00610,196479,-0.00180,196473,0.00000,196663,0.00100,197146,0.00250,196828,-0.00160,196939,0.00060,0.00380,0.05000,0.00380,33.4712263,-81.9617403,37609,38877,38714,37560,37593,37337,38458,39258,38175.75
1620000US2684000,2684000,Warren , Michigan,134067,134147,0.00060,134574,0.00320,135305,0.00540,135665,0.00270,135377,-0.00210,135233,-0.00110,135127,-0.00080,134587,-0.00400,0.00390,0.05000,0.00390,42.5144566,-83.0146526,27213,28565,29753,27313,31033,28938,27753,26792,28420
1620000US0619766,619766,Downey , California,111788,112232,0.00400,112629,0.00350,112934,0.00270,113195,0.00230,113398,0.00180,113066,-0.00290,112596,-0.00420,112269,-0.00290,0.00430,0.05000,0.00430,33.9401088,-118.1331593,59674,59773,60132,60939,60374,62897,65332,68162,62160.375
1620000US5157000,5157000,Norfolk , Virginia,242998,243632,0.00260,246141,0.01030,245449,-0.00280,246587,0.00460,246534,-0.00020,245843,-0.00280,244922,-0.00370,244076,-0.00350,0.00450,0.06000,0.00440,36.8507689,-76.2858726,40415,38840,39836,41268,43266,46250,45401,46542,42727.25
1620000US0952000,952000,New Haven , Connecticut,129817,130839,0.00790,131117,0.00210,130915,-0.00150,130618,-0.00230,130391,-0.00170,130424,0.00030,130640,0.00170,130418,-0.00170,0.00470,0.06000,0.00460,41.308274,-72.9278835,38963,39094,38482,37428,37508,37192,38126,39191,38248
1620000US3722920,3722920,Fayetteville , North Carolina,208335,208728,0.00190,208873,0.00070,211051,0.01040,210079,-0.00460,209624,-0.00220,211126,0.00720,209215,-0.00910,209468,0.00120,0.00560,0.07000,0.00540,35.0526641,-78.8783585,37113,35970,36447,36314,37350,39432,40013,41158,37974.625
1620000US1871000,1871000,South Bend , Indiana,101191,101138,-0.00050,100990,-0.00150,101165,0.00170,101411,0.00240,101585,0.00170,101884,0.00290,101968,0.00080,101860,-0.00110,0.00660,0.08000,0.00660,41.6763545,-86.2519898,34761,34749,34182,34502,34656,34523,35758,37441,35071.5
1620000US4459000,4459000,Providence , Rhode Island,178100,178395,0.00170,178890,0.00280,178784,-0.00060,179217,0.00240,179359,0.00080,179720,0.00200,179503,-0.00120,179335,-0.00090,0.00690,0.09000,0.00690,41.8239891,-71.4128343,26276,26436,29475,29152,33841,29459,24427,23548,27826.75
1620000US1703012,1703012,Aurora , Illinois,198157,199100,0.00480,199641,0.00270,199826,0.00090,200245,0.00210,200416,0.00090,200945,0.00260,200579,-0.00180,199602,-0.00490,0.00730,0.09000,0.00730,41.7605849,-88.3200715,49515,50468,51048,50987,52275,53011,55303,58343,52618.75
1620000US0678582,678582,Thousand Oaks , California,126729,127330,0.00470,127693,0.00290,128287,0.00470,128729,0.00340,128796,0.00050,128715,-0.00060,128484,-0.00180,127690,-0.00620,0.00760,0.10000,0.00760,34.1705609,-118.8375937,98713,100373,100156,100476,99115,100946,101045,103793,100577.125
1620000US0629000,629000,Garden Grove , California,171186,172971,0.01040,173866,0.00520,174518,0.00380,174556,0.00020,174522,-0.00020,174805,0.00160,173646,-0.00660,172646,-0.00580,0.00860,0.11000,0.00850,33.7742692,-117.9379952,61026,60036,59988,59648,59360,58449,60522,62675,60213
1620000US5531000,5531000,Green Bay , Wisconsin,103977,104337,0.00350,104657,0.00310,104630,-0.00030,104671,0.00040,104820,0.00140,104719,-0.00100,104986,0.00250,104879,-0.00100,0.00870,0.11000,0.00870,44.5133188,-88.0132958,42135,42484,42584,42427,43063,42826,43473,45473,43058.125
1620000US4807000,4807000,Beaumont , Texas,117381,117871,0.00420,117001,-0.00740,118052,0.00900,117769,-0.00240,118591,0.00700,119109,0.00440,119266,0.00130,118428,-0.00700,0.00900,0.11000,0.00890,30.080174,-94.1265562,66121,66132,67758,69302,66775,64830,68369,71664,67618.875
1620000US2567000,2567000,Springfield , Massachusetts,153613,153882,0.00180,154056,0.00110,154186,0.00080,154513,0.00210,154740,0.00150,154278,-0.00300,154498,0.00140,155032,0.00350,0.00920,0.12000,0.00920,42.1014831,-72.589811,43795,38921,36693,39316,35511,34167,35448,35861,37464
1620000US0643000,643000,Long Beach , California,462440,464569,0.00460,467064,0.00540,468303,0.00270,469539,0.00260,470708,0.00250,469435,-0.00270,467367,-0.00440,467354,0.00000,0.01060,0.13000,0.01060,33.7700504,-118.1937395,51173,52945,52900,52711,52944,52783,55151,58314,53615.125
1620000US0672016,672016,Simi Valley , California,124469,125034,0.00450,125319,0.00230,125939,0.00490,126338,0.00320,126290,-0.00040,126196,-0.00070,126366,0.00130,125851,-0.00410,0.01110,0.14000,0.01110,34.2694474,-118.781482,88675,89452,87894,87269,89595,90210,91196,93516,89725.875
1620000US0670098,670098,Santa Rosa , California,175304,176351,0.00600,177263,0.00520,178933,0.00940,180921,0.01110,181968,0.00580,182475,0.00280,182248,-0.00120,177586,-0.02560,0.01340,0.17000,0.01300,38.440429,-122.7140548,59326,60850,60525,60354,60758,61050,62705,67144,61589
1620000US0640130,640130,Lancaster , California,156822,158087,0.00810,158302,0.00140,159136,0.00530,159753,0.00390,159973,0.00140,159831,-0.00090,159618,-0.00130,159053,-0.00350,0.01420,0.18000,0.01420,34.6867846,-118.1541632,51192,52290,51719,50193,49057,47225,47684,49314,49834.25
1620000US1319000,1319000,Columbus , Georgia,191105,195244,0.02170,198944,0.01900,203198,0.02140,200552,-0.01300,198674,-0.00940,196198,-0.01250,193766,-0.01240,194160,0.00200,0.01680,0.21000,0.01600,32.4609764,-84.9877094,41331,41088,41443,41339,41362,42306,42661,43239,41846.125
1620000US3684000,3684000,Yonkers , New York,196405,197575,0.00600,198075,0.00250,198809,0.00370,199434,0.00310,199721,0.00140,200083,0.00180,199762,-0.00160,199663,-0.00050,0.01650,0.21000,0.01660,40.9312099,-73.8987469,55715,56816,56782,59195,61132,59049,61272,62399,59045
1620000US0622230,622230,El Monte , California,113658,114088,0.00380,114859,0.00680,115447,0.00510,115685,0.00210,115908,0.00190,115657,-0.00220,115618,-0.00030,115586,-0.00030,0.01690,0.21000,0.01700,34.0686206,-118.0275667,42750,41820,41861,39535,38906,38085,40654,43504,40889.375
1620000US2079000,2079000,Wichita , Kansas,382726,383729,0.00260,385753,0.00530,387240,0.00390,388465,0.00320,389437,0.00250,390549,0.00290,390307,-0.00060,389255,-0.00270,0.01700,0.21000,0.01710,37.6871761,-97.330053,44360,45625,46218,46011,45907,45947,46775,48982,46228.125
1620000US3451000,3451000,Newark , New Jersey,277158,277540,0.00140,277590,0.00020,278152,0.00200,278991,0.00300,279629,0.00230,280628,0.00360,281014,0.00140,282090,0.00380,0.01770,0.22000,0.01780,40.735657,-74.1723667,35000,38902,39750,37742,34350,34306,36250,35769,36508.625
1620000US3915000,3915000,Cincinnati , Ohio,296837,296020,-0.00280,296758,0.00250,297775,0.00340,298509,0.00250,299338,0.00280,299707,0.00120,301648,0.00650,302605,0.00320,0.01930,0.24000,0.01940,39.1031182,-84.5120196,21510,27500,29167,25417,31875,33500,33750,37250,29996.125
1620000US0653980,653980,Orange , California,136762,138207,0.01060,139070,0.00620,139705,0.00460,139189,-0.00370,140313,0.00810,140434,0.00090,140100,-0.00240,139484,-0.00440,0.01980,0.25000,0.01990,33.7879139,-117.8531007,76742,78654,78678,78838,77086,78513,79192,83500,78900.375
1620000US0541000,541000,Little Rock , Arkansas,193928,195210,0.00660,196504,0.00660,197084,0.00300,197533,0.00230,198135,0.00300,198673,0.00270,198418,-0.00130,197881,-0.00270,0.02020,0.25000,0.02040,34.7464809,-92.2895948,44068,44392,45135,44896,46409,46085,46578,48463,45753.25
1620000US4516000,4516000,Columbia , South Carolina,130783,131286,0.00380,131744,0.00350,131526,-0.00170,131785,0.00200,133584,0.01370,134079,0.00370,133869,-0.00160,133451,-0.00310,0.02030,0.25000,0.02040,34.0007104,-81.0348144,73264,67333,62234,64162,65286,62708,73442,83850,69034.875
1620000US4075000,4075000,Tulsa , Oklahoma,392421,393111,0.00180,394875,0.00450,398649,0.00960,400162,0.00380,403733,0.00890,404182,0.00110,402119,-0.00510,400669,-0.00360,0.02090,0.26000,0.02100,36.1539816,-95.992775,39289,40268,40781,41241,41957,42284,43045,44577,41680.25
1620000US4847892,4847892,Mesquite , Texas,139860,141421,0.01120,143297,0.01330,143565,0.00190,144495,0.00650,144977,0.00330,144681,-0.00200,144236,-0.00310,142816,-0.00980,0.02110,0.26000,0.02110,32.7667955,-96.5991593,44221,44514,43384,44496,45066,44103,44498,47642,44740.5
1620000US2582000,2582000,Worcester , Massachusetts,181878,182489,0.00340,182694,0.00110,183458,0.00420,184698,0.00680,184910,0.00110,185139,0.00120,185417,0.00150,185877,0.00250,0.02180,0.27000,0.02200,42.2625932,-71.8022934,45036,45846,45679,45932,46105,45472,45599,45869,45692.25
1620000US0658072,658072,Pomona , California,149083,149682,0.00400,150484,0.00540,151137,0.00430,152325,0.00790,152553,0.00150,152637,0.00060,152659,0.00010,152361,-0.00200,0.02180,0.27000,0.02200,34.055103,-117.7499909,50497,50893,48864,49474,48993,49186,50360,53281,50193.5
1620000US0669000,669000,Santa Ana , California,325340,328255,0.00900,330650,0.00730,333887,0.00980,333669,-0.00070,333736,0.00020,334175,0.00130,333007,-0.00350,332725,-0.00080,0.02260,0.28000,0.02270,33.7454725,-117.867653,54877,54399,54387,53335,52519,52253,54062,57151,54122.875
1620000US0655156,655156,Palmdale , California,152962,154035,0.00700,154942,0.00590,156614,0.01080,156929,0.00200,157196,0.00170,156992,-0.00130,156808,-0.00120,156667,-0.00090,0.02400,0.30000,0.02420,34.5794343,-118.1164613,55696,55213,54277,53922,54921,52392,52801,56699,54490.125
1620000US1571550,1571550,Urban Honolulu CDP, Hawaii,339143,343040,0.01150,346868,0.01120,349275,0.00690,349627,0.00100,351684,0.00590,351883,0.00060,349651,-0.00630,347397,-0.00640,0.02430,0.30000,0.02430,21.3069444,-157.8583333,55951,56939,58397,59359,60548,61442,63361,65707,60213
1620000US3502000,3502000,Albuquerque , New Mexico,546806,552095,0.00970,555106,0.00550,557619,0.00450,557702,0.00010,558325,0.00110,559626,0.00230,560111,0.00090,560218,0.00020,0.02430,0.30000,0.02450,35.0843859,-106.650422,46662,47333,47399,47989,47413,47030,48127,49878,47728.875
1620000US4856000,4856000,Pasadena , Texas,149529,151159,0.01090,152690,0.01010,153580,0.00580,154509,0.00600,154624,0.00070,154632,0.00010,153968,-0.00430,153219,-0.00490,0.02450,0.31000,0.02470,29.6910625,-95.2091006,65422,67920,68310,69302,70845,72402,73029,76264,70436.75
1620000US2676460,2676460,Sterling Heights , Michigan,129709,130031,0.00250,130671,0.00490,131528,0.00660,132148,0.00470,132051,-0.00070,132528,0.00360,132731,0.00150,132964,0.00180,0.02480,0.31000,0.02510,42.5803122,-83.0302033,58073,57272,56881,57075,58800,60089,60492,62344,58878.25
1620000US3651000,3651000,New York , New York,8190355,8272963,0.01010,8348032,0.00910,8398739,0.00610,8437387,0.00460,8468181,0.00360,8475976,0.00090,8438271,-0.00440,8398748,-0.00470,0.02530,0.32000,0.02540,40.7127753,-74.0059728,50285,51270,51865,52259,52737,53373,55191,57782,53095.25
1620000US5182000,5182000,Virginia Beach , Virginia,438855,442536,0.00840,445038,0.00570,447732,0.00610,448913,0.00260,450474,0.00350,451136,0.00150,449962,-0.00260,450189,0.00050,0.02560,0.32000,0.02580,36.8529263,-75.977985,64618,65910,65980,65219,67001,66634,67719,70500,66697.625
1620000US3345140,3345140,Manchester , New Hampshire,109613,110016,0.00370,110635,0.00560,110758,0.00110,110951,0.00170,111039,0.00080,111659,0.00560,112117,0.00410,112525,0.00360,0.02630,0.33000,0.02660,42.9956397,-71.4547891,28571,27885,34145,34901,27252,26518,26736,29449,29432.125
1620000US4202000,4202000,Allen , Pennsylvania,118114,118774,0.00560,118880,0.00090,118832,-0.00040,119181,0.00290,120068,0.00740,120371,0.00250,120966,0.00490,121433,0.00390,0.02780,0.35000,0.02810,40.7054322,-75.4869033,31389,45417,57083,45000,39196,39500,38269,31875,40966.125
1620000US0669088,669088,Santa Clarita , California,204213,205317,0.00540,206285,0.00470,207123,0.00410,208180,0.00510,209247,0.00510,209668,0.00200,209895,0.00110,210089,0.00090,0.02840,0.36000,0.02880,34.3916641,-118.542586,82642,83579,84291,82607,83178,83554,85042,90544,84429.625
1620000US3421000,3421000,Elizabeth , New Jersey,125262,125789,0.00420,126605,0.00650,127305,0.00550,127698,0.00310,127746,0.00040,128074,0.00260,128205,0.00100,128885,0.00530,0.02860,0.36000,0.02890,40.6639916,-74.2107006,41103,42750,41442,43625,44844,47188,39375,61094,45177.625
1620000US0665000,665000,San Bernardino , California,209853,211402,0.00740,212444,0.00490,213111,0.00310,213588,0.00220,214709,0.00520,215431,0.00340,216296,0.00400,215941,-0.00160,0.02870,0.36000,0.02900,34.1083449,-117.2897652,39895,40161,39097,38385,38774,37047,38456,41027,39105.25
1620000US0616532,616532,Costa Mesa , California,110225,111162,0.00850,111830,0.00600,112307,0.00430,112577,0.00240,112930,0.00310,113092,0.00140,113825,0.00650,113615,-0.00180,0.03040,0.38000,0.03080,33.6638439,-117.9047429,64864,65471,65373,65830,66491,66459,70438,75109,67504.375
1620000US0656000,656000,Pasadena , California,137123,137678,0.00400,138163,0.00350,139391,0.00890,139665,0.00200,141211,0.01110,141833,0.00440,141995,0.00110,141371,-0.00440,0.03060,0.38000,0.03100,34.1477849,-118.1445155,65422,67920,68310,69302,70845,72402,73029,76264,70436.75
1620000US1723074,1723074,Elgin , Illinois,108320,109160,0.00780,109665,0.00460,110128,0.00420,111054,0.00840,112018,0.00870,112322,0.00270,112181,-0.00130,111683,-0.00440,0.03070,0.38000,0.03100,42.0354084,-88.2825668,57216,59032,58487,58675,59832,60499,60375,63655,59721.375
1620000US0628000,628000,Fullerton , California,135299,136401,0.00810,138153,0.01280,138716,0.00410,138949,0.00170,140131,0.00850,140648,0.00370,139928,-0.00510,139640,-0.00210,0.03180,0.40000,0.03210,33.8703645,-117.9242123,67179,69432,67617,67384,65909,65974,67110,71660,67783.125
1620000US4962470,4962470,Provo , Utah,112919,115181,0.02000,115560,0.00330,116127,0.00490,115397,-0.00630,114590,-0.00700,116573,0.01730,117518,0.00810,116702,-0.00690,0.03340,0.42000,0.03350,40.2338438,-111.6585337,37892,39782,40288,39688,40359,41291,42600,44312,40776.5
1620000US0665042,665042,San Buenaventura (Ventura) , California,107458,108340,0.00820,109064,0.00670,109419,0.00330,109641,0.00200,109839,0.00180,110127,0.00260,110346,0.00200,111128,0.00710,0.03370,0.42000,0.03420,34.2804923,-119.2945199,65782,66226,66586,65137,66485,66995,70541,72859,67576.375
1620000US2240735,2240735,Lafayette , Louisiana,121834,122646,0.00670,123559,0.00740,124840,0.01040,126000,0.00930,126875,0.00690,127156,0.00220,126365,-0.00620,126143,-0.00180,0.03500,0.44000,0.03540,30.2240897,-92.0198427,134000,134871,136438,136207,138073,137895,142977,152609,139133.75
1620000US0664224,664224,Salinas , California,150904,152454,0.01030,153901,0.00950,155097,0.00780,155913,0.00530,156512,0.00380,157144,0.00400,156824,-0.00200,156259,-0.00360,0.03500,0.44000,0.03550,36.6777372,-121.6555013,50808,50568,50587,49264,49728,49840,52338,54864,50999.625
1620000US0477000,477000,Tucson , Arizona,527167,530624,0.00660,531817,0.00220,532956,0.00210,534870,0.00360,535772,0.00170,537831,0.00380,541779,0.00730,545975,0.00770,0.03520,0.44000,0.03570,32.2226066,-110.9747108,37025,37448,36939,37032,37149,37149,37973,39617,37541.5
1620000US2646000,2646000,Lansing , Michigan,114309,114533,0.00200,114653,0.00100,114736,0.00070,115102,0.00320,115358,0.00220,116635,0.01110,117882,0.01070,118427,0.00460,0.03550,0.44000,0.03600,42.732535,-84.5555347,42717,32955,34677,33913,35278,36000,42500,41071,37388.875
1620000US4260000,4260000,Philadelphia , Pennsylvania,1528293,1540322,0.00790,1551797,0.00740,1558371,0.00420,1565604,0.00460,1571258,0.00360,1576390,0.00330,1580221,0.00240,1584138,0.00250,0.03600,0.45000,0.03650,39.9525839,-75.1652215,29669,31412,33912,31510,32730,30911,31462,35833,32179.875
1620000US3137000,3137000,Omaha , Nebraska,450887,453217,0.00520,456338,0.00690,459091,0.00600,461386,0.00500,463472,0.00450,465554,0.00450,466774,0.00260,468262,0.00320,0.03790,0.47000,0.03850,41.2565369,-95.9345034,46230,46978,46978,48052,48751,49896,50827,53789,48937.625
1620000US4131250,4131250,Gresham , Oregon,106010,107715,0.01610,108785,0.00990,109240,0.00420,110034,0.00730,110387,0.00320,111813,0.01290,111342,-0.00420,110158,-0.01060,0.03870,0.48000,0.03910,45.5098502,-122.4347608,47484,47852,47577,47417,47706,46956,49866,50675,48191.625
1620000US2148006,2148006,Louisville/Jefferson County metro government (balance), Kentucky,596155,599637,0.00580,604110,0.00750,610339,0.01030,612509,0.00360,615247,0.00450,617462,0.00360,619848,0.00390,620118,0.00040,0.03950,0.49000,0.04020,38.1459316,-85.8377654,43009,43680,44111,44159,44806,45762,46881,49439,45230.875
1620000US1751622,1751622,Naperville , Illinois,142388,143189,0.00560,144015,0.00580,144912,0.00620,146228,0.00910,147012,0.00540,147243,0.00160,147689,0.00300,148304,0.00420,0.04080,0.51000,0.04150,41.7508391,-88.1535352,101911,105585,108252,108302,109512,109468,110676,114014,108465
1620000US4801000,4801000,Abilene , Texas,117806,118749,0.00800,119852,0.00930,119792,-0.00050,120647,0.00710,121694,0.00870,121856,0.00130,122210,0.00290,122999,0.00650,0.04330,0.54000,0.04410,32.4487364,-99.7331439,48115,49925,52240,51235,50678,49813,46598,47731,49541.875
1620000US0602000,602000,Anaheim , California,337106,340202,0.00920,342526,0.00680,344369,0.00540,345223,0.00250,348967,0.01080,350848,0.00540,351301,0.00130,352005,0.00200,0.04340,0.54000,0.04420,33.8365932,-117.9143012,57807,59330,59627,59165,59707,60752,61826,65313,60440.875
1620000US4803000,4803000,Amarillo , Texas,191255,193747,0.01300,195389,0.00850,196243,0.00440,197188,0.00480,197889,0.00360,198867,0.00490,199919,0.00530,199924,0.00000,0.04450,0.56000,0.04530,35.2219971,-101.8312969,43978,44769,45659,45984,47053,47735,49684,51198,47007.5
1620000US4810768,4810768,Brownsville , Texas,175400,178241,0.01620,179828,0.00890,180913,0.00600,182009,0.00610,181984,-0.00010,182888,0.00500,183066,0.00100,183392,0.00180,0.04480,0.56000,0.04560,25.9017472,-97.4974838,21985,23705,22768,16528,20789,21063,20859,29464,22145.125
1620000US2537000,2537000,Lowell , Massachusetts,106787,107767,0.00920,108805,0.00960,109768,0.00890,110541,0.00700,111149,0.00550,111250,0.00090,111728,0.00430,111670,-0.00050,0.04490,0.56000,0.04570,42.6334247,-71.3161718,55410,58418,58281,58491,55947,53676,56557,64444,57653
1620000US0862000,862000,Pueblo , Colorado,106834,107211,0.00350,107556,0.00320,107760,0.00190,107921,0.00150,109031,0.01030,110173,0.01050,111129,0.00870,111750,0.00560,0.04520,0.56000,0.04600,38.2544472,-104.6091409,34323,34750,35176,34663,34889,34550,35770,36280,35050.125
1620000US5367000,5367000,Spokane , Washington,209523,208949,-0.00270,209294,0.00170,209745,0.00220,210612,0.00410,212179,0.00740,214990,0.01320,217028,0.00950,219190,0.01000,0.04530,0.57000,0.04610,47.6587802,-117.4260465,40367,41466,42274,42092,42814,42386,43274,44768,42430.125
1620000US3006550,3006550,Billings , Montana,104521,105457,0.00900,106772,0.01250,108581,0.01690,108458,-0.00110,109638,0.01090,109647,0.00010,109806,0.00150,109550,-0.00230,0.04730,0.59000,0.04810,45.7832856,-108.5006904,35583,34608,36944,38036,36184,40673,37368,36438,36979.25
1620000US2036000,2036000,Kansas City , Kansas,145883,146233,0.00240,147482,0.00850,148942,0.00990,150187,0.00840,151635,0.00960,152617,0.00650,152938,0.00210,152958,0.00010,0.04760,0.59000,0.04850,39.1155314,-94.6267873,37295,38564,37768,38293,38073,38749,39536,41671,38743.625
1620000US0653322,653322,Oceanside , California,167919,169853,0.01150,171467,0.00950,173088,0.00950,174259,0.00680,175188,0.00530,175495,0.00180,175930,0.00250,176080,0.00090,0.04770,0.60000,0.04860,33.1958696,-117.3794834,63577,63394,61181,58153,58385,57703,58949,61778,60390
1620000US0636000,636000,Huntington Beach , California,191303,193010,0.00890,194237,0.00640,197212,0.01530,199757,0.01290,200855,0.00550,200541,-0.00160,201191,0.00320,200641,-0.00270,0.04790,0.60000,0.04880,33.6594835,-117.9988026,80280,80901,81849,81389,82554,83252,85312,88079,82952
1620000US4824000,4824000,El Paso , Texas,650708,664521,0.02120,675205,0.01610,675222,0.00000,677745,0.00370,677253,-0.00070,681485,0.00620,682938,0.00210,682669,-0.00040,0.04830,0.60000,0.04910,31.7618778,-106.4850217,49309,50389,52452,53274,49219,46893,51875,55976,51173.375
1620000US0681666,681666,Vallejo , California,116127,116694,0.00490,117604,0.00780,118575,0.00830,119644,0.00900,120558,0.00760,121064,0.00420,121644,0.00480,121913,0.00220,0.04880,0.61000,0.04980,38.1040864,-122.2566367,61481,62325,60764,58371,58472,57028,59600,62272,60039.125
1620000US0630000,630000,Glendale , California,191726,192681,0.00500,193941,0.00650,195450,0.00780,198420,0.01520,199452,0.00520,200444,0.00500,202146,0.00850,201361,-0.00390,0.04930,0.62000,0.05030,34.1425078,-118.255075,51103,51570,50567,47474,46855,46776,46817,49383,48818.125
1620000US4740000,4740000,Knoxville , Tennessee,178432,180084,0.00930,181270,0.00660,182177,0.00500,183031,0.00470,184334,0.00710,185193,0.00470,186973,0.00960,187500,0.00280,0.04970,0.62000,0.05080,35.9606384,-83.9207392,50625,51404,50598,48438,49813,48487,49330,53333,50253.5
1620000US1912000,1912000,Cedar Rapids , Iowa,126701,128064,0.01080,128306,0.00190,128663,0.00280,129499,0.00650,130635,0.00880,131169,0.00410,132333,0.00890,133174,0.00640,0.05000,0.63000,0.05110,41.9778795,-91.6656232,49298,51108,52242,52216,54465,53581,55359,56828,53137.125
1620000US0644000,644000,Los Angeles , California,3795370,3821136,0.00680,3852532,0.00820,3883916,0.00810,3913260,0.00760,3943215,0.00770,3969262,0.00660,3982002,0.00320,3990456,0.00210,0.05030,0.63000,0.05140,34.0522342,-118.2436849,49138,50028,49745,49497,49682,50205,51538,54501,50541.75
1620000US1245060,1245060,Miami Gardens , Florida,107518,109945,0.02260,111149,0.01100,111939,0.00710,112036,0.00090,112739,0.00630,113128,0.00350,113504,0.00330,113069,-0.00380,0.05070,0.63000,0.05160,25.9420377,-80.2456045,43147,44215,42742,42040,39545,38253,39012,41139,41261.625
1620000US0682590,682590,Victorville , California,116281,117911,0.01400,119885,0.01670,120783,0.00750,121213,0.00360,121599,0.00320,121912,0.00260,122191,0.00230,122312,0.00100,0.05080,0.64000,0.05190,34.5362184,-117.2927641,53566,52357,52165,50034,47142,45894,45895,47895,49368.5
1620000US4983470,4983470,West Valley City , Utah,129666,131028,0.01050,132527,0.01140,133814,0.00970,134506,0.00520,135981,0.01100,136751,0.00570,136408,-0.00250,136401,-0.00010,0.05090,0.64000,0.05190,40.6916132,-112.0010501,52971,53061,52524,52389,52814,52534,55933,59954,54022.5
1620000US1825000,1825000,Fort Wayne , Indiana,254162,256253,0.00820,257615,0.00530,259354,0.00680,260614,0.00490,262235,0.00620,263777,0.00590,265455,0.00640,267633,0.00820,0.05180,0.65000,0.05300,41.079273,-85.1393513,43847,44597,44599,43969,43994,43774,44449,45853,44385.25
1620000US0622804,622804,Escondido , California,144437,146102,0.01150,147604,0.01030,148860,0.00850,149799,0.00630,150824,0.00680,151383,0.00370,151399,0.00010,152213,0.00540,0.05270,0.66000,0.05380,33.1192068,-117.086421,51675,50597,49787,49362,49409,50899,54268,58834,51853.875
1620000US2970000,2970000,Springfield , Missouri,159484,160338,0.00540,162015,0.01050,163810,0.01110,164854,0.00640,166231,0.00840,166672,0.00270,167387,0.00430,168122,0.00440,0.05300,0.66000,0.05420,37.2089572,-93.2922989,43795,38921,36693,39316,35511,34167,35448,35861,37464
1620000US1836003,1836003,Indianapolis  (balance), Indiana,821555,827604,0.00740,835379,0.00940,844081,0.01040,849634,0.00660,853238,0.00420,857488,0.00500,861890,0.00510,867125,0.00610,0.05420,0.68000,0.05550,39.8897428,-86.0469212,43088,42704,42144,41962,42076,41987,43101,44709,42721.375
1620000US0617918,617918,Daly City , California,101282,102485,0.01190,103961,0.01440,105047,0.01040,105972,0.00880,106610,0.00600,106941,0.00310,106736,-0.00190,107008,0.00250,0.05530,0.69000,0.05650,37.6879241,-122.4702079,74987,75399,72762,74436,74489,74449,79346,86342,76526.25
1620000US0973000,973000,Stamford , Connecticut,122782,123980,0.00980,125054,0.00870,126318,0.01010,127974,0.01310,128407,0.00340,129042,0.00490,129951,0.00700,129775,-0.00140,0.05570,0.70000,0.05700,41.0534302,-73.5387341,75579,78201,76797,76779,77221,79359,81634,84893,78807.875
1620000US0654652,654652,Oxnard , California,198465,199904,0.00730,201084,0.00590,202858,0.00880,204626,0.00870,206408,0.00870,207754,0.00650,209173,0.00680,209877,0.00340,0.05610,0.70000,0.05750,34.1975048,-119.1770516,59015,60191,60736,60784,62349,60621,61709,64837,61280.25
1620000US0648354,648354,Modesto , California,203314,204041,0.00360,205108,0.00520,206182,0.00520,207781,0.00780,209366,0.00760,211334,0.00940,213198,0.00880,215030,0.00860,0.05620,0.70000,0.05760,37.6390972,-120.9968782,50550,49852,49205,47060,47607,48577,50996,54024,49733.875
1620000US1921000,1921000,Des Moines , Iowa,205004,207870,0.01400,210230,0.01140,212035,0.00860,214390,0.01110,215372,0.00460,216487,0.00520,217006,0.00240,216853,-0.00070,0.05650,0.71000,0.05780,41.5868353,-93.6249593,44178,44997,44862,45836,46430,46290,48088,49999,46335
1620000US0616000,616000,Concord , California,122507,123517,0.00820,124697,0.00960,125926,0.00990,127176,0.00990,128319,0.00900,129014,0.00540,129502,0.00380,129688,0.00140,0.05720,0.72000,0.05860,37.9779776,-122.0310733,65123,65769,65850,65798,67122,68318,71477,76500,68244.625
1620000US4714000,4714000,Chattanooga , Tennessee,170559,172032,0.00860,173652,0.00940,174830,0.00680,174461,-0.00210,175851,0.00800,177104,0.00710,178897,0.01010,180557,0.00930,0.05720,0.72000,0.05860,35.0456297,-85.3096801,36675,36689,37160,38064,39683,40177,41278,41911,38954.625
1620000US1230000,1230000,Hialeah , Florida,225460,230396,0.02190,232730,0.01010,234616,0.00810,235145,0.00230,236339,0.00510,236886,0.00230,239019,0.00900,238942,-0.00030,0.05850,0.73000,0.05980,25.8575963,-80.2781057,31648,31096,30883,29961,29959,29249,29817,31012,30453.125
1620000US1369000,1369000,Savannah , Georgia,137492,140476,0.02170,142388,0.01360,142660,0.00190,143949,0.00900,145221,0.00880,145883,0.00460,145829,-0.00040,145862,0.00020,0.05950,0.74000,0.06090,32.0808989,-81.091203,33316,35623,34888,35838,36628,36466,37108,39386,36156.625
1620000US0660620,660620,Richmond , California,103639,104888,0.01210,106044,0.01100,107119,0.01010,107969,0.00790,109082,0.01030,109652,0.00520,109786,0.00120,110146,0.00330,0.06120,0.76000,0.06280,37.9357576,-122.3477486,54012,54554,54657,54589,54857,55102,57107,61045,55740.375
1620000US0675000,675000,Stockton , California,292446,294922,0.00850,296666,0.00590,297172,0.00170,300670,0.01180,303926,0.01080,306407,0.00820,309316,0.00950,311178,0.00600,0.06240,0.78000,0.06410,37.9577016,-121.2907796,47946,47365,47246,46831,45347,44797,46033,48396,46745.125
1620000US2634000,2634000,Grand Rapids , Michigan,188003,189087,0.00580,190817,0.00910,192991,0.01140,194352,0.00710,195073,0.00370,196546,0.00760,199082,0.01290,200217,0.00570,0.06320,0.79000,0.06500,42.9633599,-85.6680863,38344,38731,39070,39227,39913,40355,42019,44369,40253.5
1620000US0627000,627000,Fresno , California,497721,501413,0.00740,505521,0.00820,509104,0.00710,514452,0.01050,518670,0.00820,521986,0.00640,526037,0.00780,530093,0.00770,0.06330,0.79000,0.06500,36.7377981,-119.7871247,43124,43440,42276,42015,41455,41531,41842,44853,42567
1620000US1270600,1270600,Tallahassee , Florida,181596,183140,0.00850,186464,0.01820,185783,-0.00370,187286,0.00810,188894,0.00860,189221,0.00170,192048,0.01490,193551,0.00780,0.06420,0.80000,0.06580,30.4382559,-84.2807329,37451,38972,39649,39524,39407,39681,40947,42418,39756.125
1620000US0883835,883835,Westminster , Colorado,106442,107746,0.01230,109101,0.01260,110458,0.01240,111567,0.01000,112475,0.00810,113034,0.00500,113254,0.00190,113479,0.00200,0.06430,0.80000,0.06610,39.8366528,-105.0372046,57892,56867,54780,52633,53660,53455,55287,57575,55268.625
1620000US4829000,4829000,Garland , Texas,227355,230078,0.01200,233775,0.01610,234783,0.00430,235761,0.00420,237331,0.00670,236500,-0.00350,238560,0.00870,242507,0.01650,0.06490,0.81000,0.06660,32.912624,-96.6388833,52389,52441,53060,51842,51997,51970,53220,55637,52819.5
1620000US2938000,2938000,Kansas City , Missouri,460737,462356,0.00350,464607,0.00490,467243,0.00570,470678,0.00740,475069,0.00930,481626,0.01380,488266,0.01380,491918,0.00750,0.06580,0.82000,0.06770,39.0997265,-94.5785667,37295,38564,37768,38293,38073,38749,39536,41671,38743.625
1620000US2603000,2603000,Ann Arbor , Michigan,114160,115519,0.01190,116074,0.00480,116818,0.00640,118733,0.01640,119931,0.01010,121035,0.00920,121621,0.00480,121890,0.00220,0.06590,0.82000,0.06770,42.2808256,-83.7430378,52625,53377,53814,55003,56835,55990,57697,61247,55823.5
1620000US3436000,3436000,Jersey City , New Jersey,248363,252910,0.01830,256148,0.01280,257243,0.00430,258794,0.00600,260332,0.00590,260626,0.00110,263401,0.01060,265549,0.00820,0.06730,0.84000,0.06920,40.7177545,-74.0431435,54280,57520,58308,58206,58907,59537,60703,62739,58775
1620000US1212875,1212875,Clearwater , Florida,108933,109075,0.00130,109420,0.00320,110170,0.00690,111065,0.00810,112876,0.01630,114157,0.01130,115476,0.01160,116478,0.00870,0.06730,0.84000,0.06930,27.9658533,-82.8001026,41742,41986,42427,42158,43306,44198,44569,45631,43252.125
1620000US0659451,659451,Rancho Cucamonga , California,166232,167945,0.01030,170015,0.01230,170910,0.00530,173355,0.01430,174367,0.00580,175975,0.00920,177115,0.00650,177751,0.00360,0.06730,0.84000,0.06930,34.1063989,-117.5931084,78572,78782,77329,77835,77061,77396,79973,83736,78835.5
1620000US4817000,4817000,Corpus Christi , Texas,305281,308096,0.00920,312415,0.01400,317101,0.01500,320863,0.01190,324795,0.01230,325947,0.00350,325373,-0.00180,326554,0.00360,0.06780,0.85000,0.06970,27.8005828,-97.396381,43457,45267,47029,47481,49675,50658,52154,53626,48668.375
1620000US3775000,3775000,Winston-Salem , North Carolina,230033,231847,0.00790,233867,0.00870,235741,0.00800,238508,0.01170,239696,0.00500,241656,0.00820,244373,0.01120,246328,0.00800,0.06880,0.86000,0.07080,36.0998596,-80.244216,41483,41228,40869,40148,40480,39882,40898,42219,40900.875
1620000US0682954,682954,Visalia , California,124867,125657,0.00630,126459,0.00640,127379,0.00730,128594,0.00950,129529,0.00730,130874,0.01040,132610,0.01330,133800,0.00900,0.06940,0.87000,0.07150,36.3302284,-119.2920585,53606,54019,53718,52899,52262,52157,52099,54934,53211.75
1620000US3731400,3731400,High Point , North Carolina,104697,105812,0.01060,106541,0.00690,107559,0.00960,108796,0.01150,110285,0.01370,111685,0.01270,111977,0.00260,112316,0.00300,0.07060,0.88000,0.07280,35.9556923,-80.0053176,43594,44020,44367,43083,43015,42299,43322,44642,43542.75
1620000US4967000,4967000,Salt Lake City , Utah,186571,188181,0.00860,189715,0.00820,191661,0.01030,191398,-0.00140,191737,0.00180,194182,0.01280,200570,0.03290,200591,0.00010,0.07320,0.91000,0.07510,40.7607793,-111.8910474,44223,44501,44510,45862,45833,47243,50353,54009,47066.75
1620000US1225175,1225175,Gainesville , Florida,124443,125414,0.00780,125743,0.00260,126104,0.00290,127340,0.00980,129159,0.01430,131474,0.01790,132018,0.00410,133857,0.01390,0.07340,0.92000,0.07560,29.6516344,-82.3248262,30036,30952,32145,32492,32108,31818,32716,34004,32033.875
1620000US0649270,649270,Moreno Valley , California,194241,196577,0.01200,198218,0.00830,200224,0.01010,201874,0.00820,202958,0.00540,204742,0.00880,206713,0.00960,209050,0.01130,0.07380,0.92000,0.07620,33.9424658,-117.2296717,56507,56768,55872,54918,54229,54590,56456,59827,56145.875
1620000US5322640,5322640,Everett , Washington,103291,103557,0.00260,104555,0.00960,105175,0.00590,106580,0.01340,107219,0.00600,109098,0.01750,110385,0.01180,111262,0.00790,0.07480,0.93000,0.07720,47.9789848,-122.2020795,49737,48319,49702,49368,51056,50762,52457,57254,51081.875
1620000US0606000,606000,Berkeley , California,112875,113953,0.00960,115311,0.01190,116968,0.01440,118735,0.01510,120739,0.01690,121487,0.00620,121999,0.00420,121643,-0.00290,0.07530,0.94000,0.07770,37.8715226,-122.273042,58617,60908,63505,63312,65283,66237,70393,75709,65495.5
1620000US2758000,2758000,St. Paul , Minnesota,285465,288812,0.01170,291244,0.00840,295045,0.01310,297674,0.00890,300010,0.00780,303155,0.01050,305255,0.00690,307695,0.00800,0.07540,0.94000,0.07790,44.9537029,-93.0899578,38125,40982,37750,38750,49375,57708,60000,63571,48282.625
1620000US0668000,668000,San Jose , California,954492,969948,0.01620,983322,0.01380,1001253,0.01820,1014418,0.01310,1026099,0.01150,1030359,0.00420,1032136,0.00170,1030119,-0.00200,0.07680,0.96000,0.07920,37.3382082,-121.8863286,79405,80764,81349,81829,83787,84647,90303,96662,84843.25
1620000US0662000,662000,Riverside , California,305568,309556,0.01310,312432,0.00930,315667,0.01040,317887,0.00700,320673,0.00880,323877,0.01000,326988,0.00960,330063,0.00940,0.07750,0.97000,0.08020,33.9806005,-117.3754942,56991,57555,56403,55636,56089,57196,58979,54040,56611.125
1620000US1263000,1263000,St. Petersburg , Florida,245226,245856,0.00260,246671,0.00330,248492,0.00740,252282,0.01530,255206,0.01160,259556,0.01700,262928,0.01300,265098,0.00830,0.07840,0.98000,0.08100,27.7676008,-82.6402915,44041,44510,44756,45044,45483,45748,48183,50622,46048.375
1620000US0602252,602252,Antioch , California,103082,104194,0.01080,105580,0.01330,107384,0.01710,109119,0.01620,110326,0.01110,111074,0.00680,111419,0.00310,111535,0.00100,0.07930,0.99000,0.08200,38.0049214,-121.805789,66351,66479,65494,65254,65770,64329,65530,69925,66141.5
1620000US0624680,624680,Fontana , California,197342,199916,0.01300,201295,0.00690,202804,0.00750,204152,0.00660,206377,0.01090,208971,0.01260,211388,0.01160,213739,0.01110,0.08020,1.00000,0.08310,34.0922335,-117.435048,63252,64058,64195,64354,64995,64824,65995,68304,64997.125
1620000US1303440,1303440,Athens-Clarke County  (balance), Georgia,116154,116971,0.00700,118643,0.01430,119629,0.00830,119131,-0.00420,122252,0.02620,123559,0.01070,125462,0.01540,125964,0.00400,0.08180,1.02000,0.08450,33.9519347,-83.357567,0,0,0,0,0,0,0,0,0
1620000US5116000,5116000,Chesapeake , Virginia,223550,225332,0.00800,228075,0.01220,230330,0.00990,233380,0.01320,235168,0.00770,237591,0.01030,240327,0.01150,242634,0.00960,0.08240,1.03000,0.08540,36.7682088,-76.2874927,67855,70115,70244,69743,70176,68620,69978,72214,69868.125
1620000US4845384,4845384,McAllen , Texas,132123,134717,0.01960,136434,0.01270,137649,0.00890,139027,0.01000,140323,0.00930,142418,0.01490,142841,0.00300,143433,0.00410,0.08270,1.03000,0.08560,26.2034071,-98.2300124,39547,39193,40636,41163,43476,44254,45568,45057,42361.75
1620000US4804000,4804000,Arlington , Texas,366136,370485,0.01190,375906,0.01460,379266,0.00890,383074,0.01000,389101,0.01570,394780,0.01460,397105,0.00590,398112,0.00250,0.08420,1.05000,0.08730,32.735687,-97.1080656,20024,23125,22721,23507,22571,21429,18125,21513,21626.875
1620000US0412000,412000,Chandler , Arizona,236479,236854,0.00160,237677,0.00350,239900,0.00940,240893,0.00410,243679,0.01160,247845,0.01710,253600,0.02320,257165,0.01410,0.08450,1.06000,0.08750,33.3061605,-111.8412502,70775,71343,71171,71083,72072,72695,74329,77278,72593.25
1620000US0664000,664000,Sacramento , California,467302,470914,0.00770,474309,0.00720,478360,0.00850,483006,0.00970,488353,0.01110,494324,0.01220,500944,0.01340,508529,0.01510,0.08500,1.06000,0.08820,38.5815719,-121.4943996,50267,50781,50661,49753,50013,50739,52071,54615,51112.5
1620000US5335415,5335415,Kent , Washington,119063,120962,0.01590,123155,0.01810,124522,0.01110,125794,0.01020,127324,0.01220,128316,0.00780,129372,0.00820,129618,0.00190,0.08550,1.07000,0.08870,47.3809335,-122.2348432,50250,53393,52679,52188,51875,55417,58125,48750,52834.625
1620000US0137000,137000,Huntsville , Alabama,180960,182167,0.00670,183588,0.00780,185841,0.01230,187659,0.00980,190147,0.01330,192260,0.01110,195056,0.01450,197318,0.01160,0.08700,1.09000,0.09040,34.7303688,-86.5861037,47153,48043,48632,48881,49060,48775,51441,51926,49238.875
1620000US0677000,677000,Sunnyvale , California,140465,143812,0.02380,146474,0.01850,148121,0.01120,149856,0.01170,151715,0.01240,153633,0.01260,153254,-0.00250,153185,-0.00050,0.08740,1.09000,0.09060,37.36883,-122.0363496,90174,93292,96884,100043,103257,105401,109799,118314,102145.5
1620000US2146027,2146027,Lexington-Fayette urban county, Kentucky,296847,301736,0.01650,306075,0.01440,310010,0.01290,311955,0.00630,316002,0.01300,319738,0.01180,322193,0.00770,323780,0.00490,0.08740,1.09000,0.09070,38.0447166,-84.4955823,47469,48306,48779,48398,48667,49778,50661,53013,49383.875
1620000US1214400,1214400,Coral Springs , Florida,122391,124632,0.01830,126182,0.01240,127296,0.00880,128366,0.00840,129653,0.01000,131237,0.01220,132987,0.01330,133507,0.00390,0.08750,1.09000,0.09080,26.271192,-80.2706044,71456,70610,68255,64753,66271,66430,67702,70768,68280.625
1620000US5370000,5370000,Tacoma , Washington,198227,199493,0.00640,201531,0.01020,202130,0.00300,203762,0.00810,206801,0.01490,210268,0.01680,213430,0.01500,216279,0.01330,0.08770,1.10000,0.09110,47.2528768,-122.4442906,47862,49232,50439,50503,51269,52042,53553,55506,51300.75
1620000US1608830,1608830,Boise City , Idaho,209578,212620,0.01450,215681,0.01440,217436,0.00810,219471,0.00940,220938,0.00670,224728,0.01720,227621,0.01290,228790,0.00510,0.08830,1.10000,0.09170,43.6150186,-116.2023137,50402,49516,49182,48524,49209,50323,52249,54547,50494
1620000US5374060,5374060,Vancouver , Washington,167622,169058,0.00860,170056,0.00590,171594,0.00900,173442,0.01080,176430,0.01720,178627,0.01250,180379,0.00980,183012,0.01460,0.08840,1.10000,0.09180,45.6257379,-122.6760886,48875,50387,49271,48979,50379,50626,52004,55593,50764.25
1620000US0666000,666000,San Diego , California,1305970,1319697,0.01050,1337149,0.01320,1355951,0.01410,1376725,0.01530,1388674,0.00870,1403865,0.01090,1414427,0.00750,1425976,0.00820,0.08840,1.11000,0.09190,32.715738,-117.1610838,62480,63739,63990,64058,65753,66116,68117,71535,65723.5
1620000US2754880,2754880,Rochester , Minnesota,107025,108066,0.00970,108893,0.00770,110408,0.01390,111183,0.00700,112091,0.00820,113927,0.01640,115405,0.01300,116961,0.01350,0.08930,1.12000,0.09280,44.0121221,-92.4801989,32734,33696,30861,29731,29935,36692,39076,40451,34147
1620000US3728000,3728000,Greensboro , North Carolina,269587,272396,0.01040,276024,0.01330,279244,0.01170,282275,0.01090,284808,0.00900,289597,0.01680,292209,0.00900,294722,0.00860,0.08970,1.12000,0.09320,36.0726354,-79.7919754,30082,30417,27017,25069,24514,21797,20787,21571,25156.75
1620000US4870808,4870808,Sugar Land , Texas,108417,109858,0.01330,111283,0.01300,113501,0.01990,116815,0.02920,118304,0.01270,118560,0.00220,118611,0.00040,118600,-0.00010,0.09060,1.13000,0.09390,29.5984434,-95.6225521,101611,103265,107149,104702,105400,104939,108504,108994,105570.5
1620000US4123850,4123850,Eugene , Oregon,156527,157411,0.00560,158241,0.00530,158451,0.00130,160284,0.01160,162960,0.01670,166016,0.01880,169558,0.02130,171245,0.00990,0.09050,1.13000,0.09400,44.0520691,-123.0867536,41701,41326,41525,42167,42715,43101,44859,47489,43110.375
1620000US0653000,653000,Oakland , California,391449,396135,0.01200,401228,0.01290,406844,0.01400,413156,0.01550,418263,0.01240,420798,0.00610,423869,0.00730,429082,0.01230,0.09240,1.15000,0.09610,37.8043514,-122.2711639,49721,51144,51683,52583,52962,54618,57778,63251,54217.5
1620000US0611194,611194,Carlsbad , California,105679,107468,0.01690,108982,0.01410,110723,0.01600,111688,0.00870,112785,0.00980,113423,0.00570,114641,0.01070,115877,0.01080,0.09270,1.16000,0.09650,33.1580933,-117.3505939,84728,85743,83875,83908,87416,90597,97145,102722,89516.75
1620000US0667000,667000,San Francisco , California,805550,815677,0.01260,829027,0.01640,839841,0.01300,851116,0.01340,863836,0.01490,872795,0.01040,879166,0.00730,883305,0.00470,0.09270,1.16000,0.09650,37.7749295,-122.4194155,71304,72947,73802,75604,78378,81294,87701,96265,79661.875
1620000US1254000,1254000,Palm Bay , Florida,104140,104125,-0.00010,104824,0.00670,105341,0.00490,106252,0.00860,108213,0.01850,110385,0.02010,112326,0.01760,114194,0.01660,0.09290,1.16000,0.09650,28.0344621,-80.5886646,44528,44768,44470,43076,43064,43163,43765,45811,44080.625
1620000US0812815,812815,Centennial , Colorado,100990,102510,0.01510,104266,0.01710,106667,0.02300,107478,0.00760,109170,0.01570,109793,0.00570,110453,0.00600,110831,0.00340,0.09370,1.17000,0.09740,39.5807452,-104.8771726,87007,88474,89902,89214,90090,91941,96422,100770,91727.5
1620000US0603526,603526,Bakersfield , California,349408,353640,0.01210,357858,0.01190,363449,0.01560,367705,0.01170,372295,0.01250,375844,0.00950,379171,0.00890,383579,0.01160,0.09390,1.17000,0.09780,35.3732921,-119.0187125,53997,54656,54265,56204,56842,57095,58669,60058,56473.25
1620000US1232000,1232000,Hollywood , Florida,141018,143422,0.01700,145022,0.01120,146081,0.00730,147039,0.00660,148357,0.00900,151685,0.02240,153393,0.01130,154823,0.00930,0.09400,1.18000,0.09790,26.0112014,-80.1494901,45699,45611,45942,45585,46419,46791,48579,50019,46830.625
1620000US1235000,1235000,Jacksonville , Florida,823123,829554,0.00780,836997,0.00900,842762,0.00690,852560,0.01160,865835,0.01560,880495,0.01690,891736,0.01280,903889,0.01360,0.09420,1.18000,0.09810,30.3321838,-81.655651,33987,35589,37210,37733,38192,38903,39216,40012,37605.25
1620000US0843000,843000,Lakewood , Colorado,142786,144102,0.00920,145418,0.00910,146909,0.01030,149481,0.01750,152122,0.01770,154117,0.01310,155048,0.00600,156798,0.01130,0.09420,1.18000,0.09810,39.7047095,-105.0813734,77380,78360,78876,77786,79113,79193,82175,84055,79617.25
1620000US1224000,1224000,Fort Lauderdale , Florida,166138,169021,0.01740,170941,0.01140,172329,0.00810,175228,0.01680,177407,0.01240,178884,0.00830,179886,0.00560,182595,0.01510,0.09510,1.19000,0.09910,26.1224386,-80.1373174,49818,50648,50191,49119,48898,50778,51648,52315,50426.875
1620000US0616350,616350,Corona , California,153249,154882,0.01070,157608,0.01760,158986,0.00870,160656,0.01050,163391,0.01700,166306,0.01780,167503,0.00720,168819,0.00790,0.09740,1.22000,0.10160,33.8752935,-117.5664384,79180,79877,78982,77123,77021,74149,72309,73594,76529.375
1620000US0653896,653896,Ontario , California,164369,165759,0.00850,166665,0.00550,167166,0.00300,168199,0.00620,170332,0.01270,172709,0.01400,175482,0.01610,181107,0.03210,0.09790,1.22000,0.10180,34.0633443,-117.6508876,57771,55902,54994,54249,54156,54114,54896,57544,55453.25
1620000US4876000,4876000,Waco , Texas,125409,126480,0.00850,127543,0.00840,129065,0.01190,129925,0.00670,131882,0.01510,133517,0.01240,136433,0.02180,138183,0.01280,0.09770,1.22000,0.10190,31.549333,-97.1466695,28854,32266,29808,32273,32000,35781,37500,50750,34904
1620000US3240000,3240000,Las Vegas , Nevada,584606,586635,0.00350,593411,0.01160,599777,0.01070,608275,0.01420,617840,0.01570,626950,0.01470,635628,0.01380,644644,0.01420,0.09840,1.23000,0.10270,36.1699412,-115.1398296,54334,54174,52601,51143,50903,50202,50882,53159,52174.75
1620000US4858016,4858016,Plano , Texas,261222,266963,0.02200,272240,0.01980,274587,0.00860,278062,0.01270,283416,0.01930,286576,0.01110,286815,0.00080,288061,0.00430,0.09860,1.23000,0.10270,33.0198431,-96.6988856,58132,60374,62563,56780,54514,53338,52520,59631,57231.5
1620000US0633000,633000,Hayward , California,144746,146845,0.01450,149338,0.01700,151709,0.01590,154350,0.01740,157890,0.02290,159147,0.00800,159994,0.00530,159620,-0.00230,0.09860,1.23000,0.10280,37.6687665,-122.0809964,61268,62115,62313,62013,62691,65096,68138,74927,64820.125
1620000US0650076,650076,Murrieta , California,104181,105329,0.01100,106491,0.01100,107379,0.00830,108089,0.00660,109451,0.01260,111606,0.01970,113116,0.01350,114985,0.01650,0.09930,1.24000,0.10370,33.5539143,-117.2139232,78739,80792,75485,74496,74401,74610,76149,80373,76880.625
1620000US5548000,5548000,Madison , Wisconsin,233716,236877,0.01350,239872,0.01260,243246,0.01410,245870,0.01080,248714,0.01160,252485,0.01520,255473,0.01180,258054,0.01010,0.09970,1.25000,0.10410,43.0730517,-89.4012302,85945,89770,92136,94962,92965,92960,95423,92197,92044.75
1620000US4841464,4841464,Laredo , Texas,236859,241266,0.01860,245877,0.01910,249822,0.01600,253017,0.01280,255538,0.01000,258102,0.01000,259634,0.00590,261639,0.00770,0.10020,1.25000,0.10460,27.5035613,-99.5075519,30750,31964,33846,32500,28750,26458,30208,33594,31008.75
1620000US1276600,1276600,West Palm Beach , Florida,100817,101499,0.00680,102540,0.01030,103443,0.00880,104350,0.00880,106893,0.02440,108790,0.01770,110345,0.01430,111398,0.00950,0.10050,1.26000,0.10500,26.7153424,-80.0533746,44905,45806,45060,44897,45027,45800,46672,49054,45902.625
1620000US2052575,2052575,Olathe , Kansas,126249,128295,0.01620,129945,0.01290,131789,0.01420,132839,0.00800,134279,0.01080,135883,0.01190,137501,0.01190,139605,0.01530,0.10120,1.27000,0.10580,38.8813958,-94.8191285,75228,76528,76882,76379,76519,77335,79691,82649,77651.375
1620000US4830464,4830464,Grand Prairie , Texas,175979,178921,0.01670,182089,0.01770,183994,0.01050,185970,0.01070,188577,0.01400,192300,0.01970,194214,0.01000,194614,0.00210,0.10140,1.27000,0.10590,32.7459645,-96.9977846,51368,51692,53211,53927,55336,56475,60246,62589,55605.5
1620000US2053775,2053775,Overland Park , Kansas,174041,176020,0.01140,178687,0.01520,180948,0.01270,184011,0.01690,186224,0.01200,189272,0.01640,191322,0.01080,192536,0.00630,0.10170,1.27000,0.10630,38.9822282,-94.6707917,71513,71612,72074,71094,72231,72463,74789,78217,72999.125
1620000US4752006,4752006,Nashville-Davidson metropolitan government (balance), Tennessee,604587,612422,0.01300,625601,0.02150,636267,0.01700,645820,0.01500,656572,0.01660,663339,0.01030,665396,0.00310,669053,0.00550,0.10210,1.28000,0.10660,36.1118069,-86.6931293,45063,46141,45982,46686,46758,47621,49891,52858,47625
1620000US0623182,623182,Fairfield , California,105562,106208,0.00610,107471,0.01190,109130,0.01540,110735,0.01470,112411,0.01510,114545,0.01900,115887,0.01170,116884,0.00860,0.10260,1.28000,0.10730,38.2491956,-122.0405151,34242,34447,33795,34418,34556,34890,32723,36211,34410.25
1620000US4835000,4835000,Houston , Texas,2098446,2124143,0.01220,2160086,0.01690,2198280,0.01770,2240982,0.01940,2286630,0.02040,2309752,0.01010,2317445,0.00330,2325502,0.00350,0.10360,1.29000,0.10820,29.7604267,-95.3698028,51523,57717,59583,51974,52019,50438,52500,52888,53580.25
1620000US0626000,626000,Fremont , California,214561,217400,0.01320,221479,0.01880,224888,0.01540,228397,0.01560,231697,0.01440,233378,0.00730,234237,0.00370,237807,0.01520,0.10360,1.30000,0.10830,37.5485396,-121.988583,96287,98513,99169,101535,103591,105355,111613,122191,104781.75
1620000US0427820,427820,Glendale , Arizona,226168,229233,0.01360,233564,0.01890,236885,0.01420,240020,0.01320,243184,0.01320,246000,0.01160,247899,0.00770,250702,0.01130,0.10370,1.30000,0.10850,33.5386523,-112.1859866,51103,51570,50567,47474,46855,46776,46817,49383,48818.125
1620000US3128000,3128000,Lincoln , Nebraska,259261,262466,0.01240,265663,0.01220,268937,0.01230,273945,0.01860,277178,0.01180,281254,0.01470,284506,0.01160,287401,0.01020,0.10370,1.30000,0.10850,40.813616,-96.7025955,36919,42277,45655,45114,50221,55605,52388,58182,48295.125
1620000US0669084,669084,Santa Clara , California,116808,117888,0.00920,119420,0.01300,120590,0.00980,122097,0.01250,126154,0.03320,126561,0.00320,126803,0.00190,129488,0.02120,0.10410,1.30000,0.10860,37.3541079,-121.9552356,85294,89004,92198,91583,93840,98914,102533,108609,95246.875
1620000US4052500,4052500,Norman , Oklahoma,111380,113872,0.02240,115629,0.01540,118136,0.02170,117693,-0.00370,119745,0.01740,121512,0.01480,122965,0.01200,123471,0.00410,0.10400,1.30000,0.10860,35.2225668,-97.4394777,45209,46595,48248,49038,50714,51491,52484,53733,49689
1620000US4845000,4845000,Lubbock , Texas,230796,233601,0.01220,236055,0.01050,239411,0.01420,244071,0.01950,247644,0.01460,251086,0.01390,253555,0.00980,255885,0.00920,0.10390,1.30000,0.10870,33.5778631,-101.8551665,41262,42925,42584,42986,44139,44648,45499,47326,43921.125
1620000US1255775,1255775,Pembroke Pines , Florida,155268,158272,0.01930,160258,0.01250,162160,0.01190,164103,0.01200,165809,0.01040,168315,0.01510,170657,0.01390,172374,0.01010,0.10520,1.32000,0.11020,26.007765,-80.2962555,63266,61873,62133,62116,61539,61279,62702,65805,62589.125
1620000US0613392,613392,Chula Vista , California,244656,248339,0.01510,252457,0.01660,256819,0.01730,260069,0.01270,264490,0.01700,266610,0.00800,269429,0.01060,271651,0.00820,0.10540,1.32000,0.11030,32.6400541,-117.0841955,63779,65526,65364,64801,66110,65185,66956,70197,65989.75
1620000US2743000,2743000,Minneapolis , Minnesota,383067,388022,0.01290,392775,0.01220,400108,0.01870,407122,0.01750,411150,0.00990,415239,0.00990,421072,0.01400,425403,0.01030,0.10560,1.32000,0.11050,44.977753,-93.2650108,42500,46739,46971,49769,51667,44408,48700,47134,47236
1620000US3260600,3260600,Reno , Nevada,225750,227160,0.00620,229069,0.00840,231161,0.00910,234301,0.01360,238335,0.01720,242476,0.01740,247106,0.01910,250998,0.01580,0.10680,1.34000,0.11180,39.5296329,-119.8138027,48895,49700,47814,46770,46489,47012,48815,52106,48450.125
1620000US0454050,454050,Peoria , Arizona,154891,155050,0.00100,155352,0.00190,156371,0.00660,157780,0.00900,160432,0.01680,164212,0.02360,168192,0.02420,172259,0.02420,0.10730,1.34000,0.11210,33.5805955,-112.2373779,63535,64270,63940,62013,63025,65314,66163,69589,64731.125
1620000US4055000,4055000,Oklahoma City , Oklahoma,582285,590824,0.01470,601030,0.01730,611999,0.01830,621583,0.01570,632193,0.01710,640144,0.01260,643337,0.00500,649021,0.00880,0.10930,1.37000,0.11460,35.4675602,-97.5164276,43798,44973,45704,45824,47004,47779,50070,51581,47091.625
1620000US4982950,4982950,West Jordan , Utah,104034,106356,0.02230,108155,0.01690,109812,0.01530,110503,0.00630,111394,0.00810,113380,0.01780,114070,0.00610,116046,0.01730,0.11010,1.38000,0.11550,40.6096698,-111.9391031,65805,66899,68168,67308,69404,68442,69503,72083,68451.5
1620000US4159000,4159000,Portland , Oregon,585436,595410,0.01700,604285,0.01490,609970,0.00940,620647,0.01750,631539,0.01750,643136,0.01840,648630,0.00850,653115,0.00690,0.11020,1.38000,0.11560,45.5051064,-122.6750261,35658,24957,26023,31000,32500,29375,35694,35667,31359.25
1620000US4837000,4837000,Irving , Texas,216867,219877,0.01390,225812,0.02700,229053,0.01440,232736,0.01610,237358,0.01990,240086,0.01150,240834,0.00310,242242,0.00580,0.11160,1.40000,0.11700,32.8140177,-96.9488945,47248,48005,49303,50778,50942,52154,54868,58196,51436.75
1620000US4164900,4164900,Salem , Oregon,155229,156146,0.00590,157369,0.00780,158843,0.00940,160721,0.01180,163251,0.01570,166599,0.02050,169850,0.01950,173442,0.02110,0.11180,1.40000,0.11730,44.9428975,-123.0350963,24625,23036,24097,30431,24393,24330,23603,23000,24689.375
1620000US2507000,2507000,Boston , Massachusetts,621074,630480,0.01510,643003,0.01990,653103,0.01570,663017,0.01520,670791,0.01170,680470,0.01440,688276,0.01150,694583,0.00920,0.11270,1.41000,0.11840,42.3600825,-71.0588801,19450,23036,22500,31833,22450,24261,28095,31023,25331
1620000US1258050,1258050,Pompano Beach , Florida,100072,101762,0.01690,102911,0.01130,104218,0.01270,105549,0.01280,106973,0.01350,109402,0.02270,110379,0.00890,111954,0.01430,0.11300,1.41000,0.11870,26.2378597,-80.1247667,41406,39943,39656,40221,40534,41321,42641,44756,41309.75
1620000US5167000,5167000,Richmond , Virginia,204256,206325,0.01010,210741,0.02140,213815,0.01460,217003,0.01490,220847,0.01770,225332,0.02030,226968,0.00730,228783,0.00800,0.11430,1.43000,0.12010,37.5407246,-77.4360481,54012,54554,54657,54589,54857,55102,57107,61045,55740.375
1620000US4819000,4819000,Dallas , Texas,1200372,1218320,0.01500,1242344,0.01970,1259239,0.01360,1279679,0.01620,1301794,0.01730,1324477,0.01740,1343087,0.01410,1345047,0.00150,0.11470,1.43000,0.12050,32.7766642,-96.7969879,35231,35362,41820,43865,50113,49417,50795,48920,44440.375
1620000US0816000,816000,Colorado Springs , Colorado,420544,427248,0.01590,432611,0.01260,437981,0.01240,441960,0.00910,449189,0.01640,458531,0.02080,465160,0.01450,472688,0.01620,0.11780,1.47000,0.12400,38.8338816,-104.8213634,53074,53747,54351,53962,54228,54527,56227,58158,54784.25
1620000US2255000,2255000,New Orleans , Louisiana,347770,360686,0.03710,369761,0.02520,378623,0.02400,383930,0.01400,389791,0.01530,391977,0.00560,391538,-0.00110,391006,-0.00140,0.11870,1.48000,0.12430,29.9510658,-90.0715323,37468,37325,36681,37146,36964,36792,37488,38721,37323.125
1620000US2915670,2915670,Columbia , Missouri,109427,111501,0.01900,113549,0.01840,115441,0.01670,117034,0.01380,118699,0.01420,120494,0.01510,121892,0.01160,123180,0.01060,0.11930,1.49000,0.12570,38.9517053,-92.3340724,73264,67333,62234,64162,65286,62708,73442,83850,69034.875
1620000US4513330,4513330,Charleston , South Carolina,120911,123202,0.01890,125428,0.01810,127456,0.01620,129654,0.01720,132632,0.02300,134620,0.01500,135745,0.00840,136208,0.00340,0.12020,1.50000,0.12650,32.7764749,-79.9310512,44214,46450,47143,46349,43676,41607,39872,38929,43530
1620000US0622020,622020,Elk Grove , California,153394,155631,0.01460,158123,0.01600,160314,0.01390,162800,0.01550,166090,0.02020,169243,0.01900,171503,0.01340,172886,0.00810,0.12060,1.51000,0.12710,38.4087993,-121.3716178,79457,78564,79559,77791,79051,79487,83141,85556,80325.75
1620000US0803455,803455,Arvada , Colorado,106882,108036,0.01080,110192,0.02000,111846,0.01500,113679,0.01640,115409,0.01520,117726,0.02010,118998,0.01080,120492,0.01260,0.12080,1.51000,0.12730,39.8027644,-105.0874842,65942,67302,68017,68210,69550,69938,72010,75640,69576.125
1620000US3918000,3918000,Columbus , Ohio,790935,800522,0.01210,812711,0.01520,827824,0.01860,841740,0.01680,855012,0.01580,866918,0.01390,881763,0.01710,892533,0.01220,0.12180,1.52000,0.12850,39.9611755,-82.9987942,41331,41088,41443,41339,41362,42306,42661,43239,41846.125
1620000US2511000,2511000,Cambridge , Massachusetts,105038,105905,0.00830,107911,0.01890,112069,0.03850,113019,0.00850,113497,0.00420,115730,0.01970,117133,0.01210,118977,0.01570,0.12600,1.57000,0.13270,42.3736158,-71.1097335,25714,29722,28500,28854,28250,28750,36250,36071,30263.875
1620000US3251800,3251800,North Las Vegas , Nevada,216843,218302,0.00670,221910,0.01650,225435,0.01590,228806,0.01500,232689,0.01700,236694,0.01720,240681,0.01680,245949,0.02190,0.12700,1.59000,0.13420,36.1988592,-115.1175013,59256,57425,55466,53751,53105,52511,53565,55828,55113.375
1620000US0678120,678120,Temecula , California,100710,102644,0.01920,104308,0.01620,106102,0.01720,108713,0.02460,111185,0.02270,112451,0.01140,114006,0.01380,114742,0.00650,0.13160,1.65000,0.13930,33.4936391,-117.1483648,77850,76276,78668,78356,78535,79925,83840,87115,80070.625
1620000US5101000,5101000,Alexandria , Virginia,140740,144220,0.02470,147314,0.02150,149674,0.01600,151431,0.01170,153863,0.01610,157045,0.02070,159654,0.01660,160530,0.00550,0.13280,1.66000,0.14060,38.8048355,-77.0469214,36059,34634,35000,36745,38322,39241,48672,50375,39881
1620000US4813024,4813024,Carrollton , Texas,119521,122463,0.02460,125410,0.02410,126459,0.00840,128245,0.01410,132890,0.03620,133470,0.00440,135777,0.01730,136879,0.00810,0.13720,1.71000,0.14520,32.9756415,-96.8899636,31533,34537,34239,31339,32969,34055,37074,36548,34036.75
1620000US0455000,455000,Phoenix , Arizona,1449295,1470052,0.01430,1499839,0.02030,1527336,0.01830,1556552,0.01910,1584927,0.01820,1613581,0.01810,1634984,0.01330,1660272,0.01550,0.13710,1.71000,0.14560,33.4483771,-112.0740373,48823,48596,47866,47139,46881,47326,49328,52080,48504.875
1620000US0804000,804000,Aurora , Colorado,326073,332627,0.02010,339080,0.01940,345276,0.01830,352391,0.02060,359679,0.02070,362941,0.00910,367255,0.01190,374114,0.01870,0.13870,1.73000,0.14730,39.7294319,-104.8319195,49515,50468,51048,50987,52275,53011,55303,58343,52618.75
1620000US3774440,3774440,Wilmington , North Carolina,106750,108125,0.01290,109645,0.01410,111671,0.01850,113309,0.01470,115024,0.01510,118722,0.03210,120753,0.01710,122607,0.01540,0.13980,1.75000,0.14850,34.2103894,-77.8868117,38386,39019,39761,38727,38979,40465,40065,40221,39452.875
1620000US4865000,4865000,San Antonio , Texas,1332883,1357536,0.01850,1383608,0.01920,1408787,0.01820,1435839,0.01920,1464531,0.02000,1488512,0.01640,1511409,0.01540,1532233,0.01380,0.14060,1.76000,0.14960,29.4241219,-98.4936282,60208,70833,75147,61923,66917,73750,68281,70057,68389.5
1620000US5305210,5305210,Bellevue , Washington,128358,130271,0.01490,132194,0.01480,133823,0.01230,136445,0.01960,139918,0.02550,141927,0.01440,145451,0.02480,147599,0.01480,0.14100,1.76000,0.14990,47.6101497,-122.2015159,58964,54152,44833,42933,45047,45843,45370,61667,49851.125
1620000US1245975,1245975,Miramar , Florida,122299,125046,0.02250,128695,0.02920,130127,0.01110,134504,0.03360,136454,0.01450,138925,0.01810,140123,0.00860,140823,0.00500,0.14260,1.78000,0.15150,25.9860762,-80.3035602,64928,64767,63898,62649,64987,65282,64632,66560,64712.875
1620000US0446000,446000,Mesa , Arizona,440995,447681,0.01520,457061,0.02100,464980,0.01730,473390,0.01810,482108,0.01840,491041,0.01850,500395,0.01900,508958,0.01710,0.14460,1.81000,0.15410,33.4151843,-111.8314724,50079,49872,49233,48547,48259,48809,50615,52155,49696.125
1620000US3755000,3755000,Raleigh , North Carolina,406355,413932,0.01860,423095,0.02210,431102,0.01890,439347,0.01910,449427,0.02290,459194,0.02170,465524,0.01380,469298,0.00810,0.14540,1.82000,0.15490,35.7795897,-78.6381787,52219,52819,53699,54448,54581,55398,58641,61505,55413.75
1620000US0827425,827425,Fort Collins , Colorado,145267,146602,0.00920,149390,0.01900,152462,0.02060,156458,0.02620,160605,0.02650,162583,0.01230,165099,0.01550,167830,0.01650,0.14580,1.82000,0.15530,40.5852602,-105.084423,49589,51446,53359,53780,53775,55647,57831,60110,54442.125
1620000US4839148,4839148,Killeen , Texas,128980,130801,0.01410,134234,0.02620,136322,0.01560,137657,0.00980,140263,0.01890,143045,0.01980,145480,0.01700,149103,0.02490,0.14640,1.83000,0.15600,31.1171194,-97.7277959,44370,44787,44799,45895,48283,47763,48157,48898,46619
1620000US1304000,1304000,Atlanta , Georgia,429193,437563,0.01950,448799,0.02570,453791,0.01110,460998,0.01590,468707,0.01670,478916,0.02180,491763,0.02680,498044,0.01280,0.15030,1.88000,0.16040,33.7489954,-84.3879824,45171,45946,46146,46631,46439,47527,49398,51701,47369.875
1620000US1150000,1150000,Washington , District of Columbia,605085,619602,0.02400,634725,0.02440,650431,0.02470,662513,0.01860,675254,0.01920,686575,0.01680,695691,0.01330,702455,0.00970,0.15070,1.88000,0.16090,38.9071923,-77.0368707,16042,20000,19792,21250,22917,36875,35278,36563,26089.625
1620000US0662938,662938,Roseville , California,119795,122596,0.02340,124311,0.01400,126659,0.01890,128304,0.01300,129961,0.01290,132699,0.02110,135101,0.01810,139117,0.02970,0.15110,1.89000,0.16130,38.7521235,-121.2880059,75122,75245,74579,74114,76712,75867,78446,81119,76400.5
1620000US1271000,1271000,Tampa , Florida,337062,346778,0.02880,348655,0.00540,352426,0.01080,358754,0.01800,367413,0.02410,376170,0.02380,386577,0.02770,392890,0.01630,0.15500,1.94000,0.16560,27.950575,-82.4571776,43117,43957,43514,43242,43740,44185,45874,48245,44484.25
1620000US0877290,877290,Thornton , Colorado,119391,121919,0.02120,124400,0.02030,127096,0.02170,129584,0.01960,132301,0.02100,134718,0.01830,136945,0.01650,139436,0.01820,0.15670,1.96000,0.16790,39.8680412,-104.9719243,21488,38333,37857,36250,40000,39875,38571,32500,35609.25
1620000US0465000,465000,Scottsdale , Arizona,217615,220792,0.01460,225213,0.02000,228952,0.01660,234053,0.02230,241197,0.03050,248100,0.02860,251556,0.01390,255310,0.01490,0.16150,2.02000,0.17320,33.4941704,-111.9260519,71564,71816,72163,72154,72455,73288,76543,80306,73786.125
1620000US0471510,471510,Surprise , Arizona,117674,119648,0.01680,122322,0.02230,125114,0.02280,127982,0.02290,130449,0.01930,132971,0.01930,134915,0.01460,138161,0.02410,0.16220,2.03000,0.17410,33.6292337,-112.3679279,62141,60687,59973,58455,59094,59916,61035,62927,60528.5
1620000US4715160,4715160,Clarksville , Tennessee,133480,136101,0.01960,142553,0.04740,142194,-0.00250,145842,0.02570,148180,0.01600,149203,0.00690,153054,0.02580,156794,0.02440,0.16340,2.04000,0.17470,36.5297706,-87.3594528,30000,30935,29194,24736,29007,31452,30849,35108,30160.125
1620000US1245000,1245000,Miami , Florida,400841,410673,0.02450,415270,0.01120,419829,0.01100,429365,0.02270,439404,0.02340,454293,0.03390,462030,0.01700,470914,0.01920,0.16290,2.04000,0.17480,25.7616798,-80.1917902,29621,30270,29762,30375,30858,31051,31642,33999,30947.25
1620000US4659020,4659020,Sioux Falls , South Dakota,154526,156446,0.01240,159833,0.02160,163472,0.02280,167048,0.02190,170206,0.01890,173682,0.02040,178000,0.02490,181883,0.02180,0.16470,2.06000,0.17700,43.5473028,-96.728333,50727,51831,51882,51672,52607,52494,54110,56714,52754.625
1620000US3825700,3825700,Fargo , North Dakota,106008,108104,0.01980,110821,0.02510,113676,0.02580,115648,0.01730,118027,0.02060,120126,0.01780,122469,0.01950,124844,0.01940,0.16530,2.07000,0.17770,46.8771863,-96.7898034,34236,20833,24063,33750,30000,40000,37188,50417,33810.875
1620000US3712000,3712000,Charlotte , North Carolina,738534,754840,0.02210,773336,0.02450,792183,0.02440,807589,0.01940,825733,0.02250,842937,0.02080,859347,0.01950,872498,0.01530,0.16850,2.11000,0.18140,35.2270869,-80.8431267,39479,41500,43750,45875,45469,47955,50417,48542,45373.375
1620000US4819972,4819972,Denton , Texas,117058,120137,0.02630,123631,0.02910,125100,0.01190,128309,0.02570,131204,0.02260,134266,0.02330,136082,0.01350,138541,0.01810,0.17040,2.13000,0.18350,33.2148412,-97.1330683,28500,31250,32000,32083,31250,28750,35000,40417,32406.25
1620000US1258715,1258715,Port St. Lucie , Florida,164843,166276,0.00870,167904,0.00980,169438,0.00910,172721,0.01940,177784,0.02930,183684,0.03320,189265,0.03040,195248,0.03160,0.17150,2.14000,0.18440,27.2730492,-80.3582261,49657,49310,49236,48962,48898,49813,50829,54046,50093.875
1620000US0473000,473000,Tempe , Arizona,162326,164481,0.01330,168585,0.02500,170807,0.01320,175730,0.02880,179221,0.01990,185004,0.03230,185931,0.00500,192364,0.03460,0.17200,2.15000,0.18500,33.4255104,-111.9400054,47443,48618,47882,47941,48183,49012,50474,51829,48922.75
1620000US0427400,427400,Gilbert , Arizona,209435,211418,0.00950,215880,0.02110,221598,0.02650,227294,0.02570,232401,0.02250,237137,0.02040,242465,0.02250,248279,0.02400,0.17210,2.15000,0.18550,33.3528264,-111.789027,74375,70625,73906,78558,80313,80833,87917,87375,79237.75
1620000US0820000,820000,Denver , Colorado,603354,620513,0.02840,635277,0.02380,649513,0.02240,664870,0.02360,683665,0.02830,696618,0.01890,705439,0.01270,716492,0.01570,0.17380,2.17000,0.18750,39.7392358,-104.990251,45501,47499,49091,50313,51800,53637,56258,60098,51774.625
1620000US3719000,3719000,Durham , North Carolina,230710,235308,0.01990,241107,0.02460,247002,0.02440,253316,0.02560,258581,0.02080,265355,0.02620,269578,0.01590,274291,0.01750,0.17500,2.19000,0.18890,35.9940329,-78.898619,45500,46250,44583,43958,42813,40938,39375,37188,42575.625
1620000US1253000,1253000,Orlando , Florida,239308,243585,0.01790,249930,0.02600,255156,0.02090,262507,0.02880,270622,0.03090,278130,0.02770,281143,0.01080,285713,0.01630,0.17940,2.24000,0.19390,28.5383355,-81.3792365,42355,42755,42418,42147,41901,42318,44007,45436,42917.125
1620000US4805000,4805000,Austin , Texas,806423,828694,0.02760,854841,0.03160,875463,0.02410,901734,0.03000,921545,0.02200,939768,0.01980,951750,0.01270,964254,0.01310,0.18090,2.26000,0.19570,30.267153,-97.7430608,57849,61507,62286,68793,74219,70652,72188,73000,67561.75
1620000US4827000,4827000,Fort Worth , Texas,748481,764034,0.02080,781059,0.02230,796175,0.01940,815135,0.02380,835950,0.02550,856902,0.02510,875456,0.02170,895008,0.02230,0.18080,2.26000,0.19580,32.7554883,-97.3307658,49530,50456,51105,51315,52492,53214,54876,57309,52537.125
1620000US3231900,3231900,Henderson , Nevada,257532,258834,0.00510,263409,0.01770,268450,0.01910,274474,0.02240,282423,0.02900,289784,0.02610,299631,0.03400,310390,0.03590,0.18920,2.37000,0.20520,36.0395247,-114.9817213,31250,32813,30313,30938,34000,36563,49375,53500,37344
1620000US5363000,5363000,Seattle , Washington,610639,623050,0.02030,636495,0.02160,654224,0.02790,670925,0.02550,688156,0.02570,710510,0.03250,729601,0.02690,744955,0.02100,0.20140,2.52000,0.22000,47.6062095,-122.3320708,60665,61856,63470,65277,67365,70594,74458,79565,67906.25
1620000US1210275,1210275,Cape Coral , Florida,154735,157314,0.01670,160548,0.02060,164323,0.02350,168345,0.02450,173468,0.03040,178362,0.02820,183442,0.02850,189343,0.03220,0.20450,2.56000,0.22370,26.5628537,-81.9495331,52761,51407,50214,49170,49841,50536,52000,53653,51197.75
1620000US3710740,3710740,Cary , North Carolina,137021,142116,0.03720,146073,0.02780,151257,0.03550,155379,0.02730,159661,0.02760,162426,0.01730,165897,0.02140,168160,0.01360,0.20770,2.60000,0.22730,35.79154,-78.7811169,0,0,0,0,0,0,0,0,0
1620000US4863500,4863500,Round Rock , Texas,100756,103836,0.03060,106470,0.02540,109507,0.02850,112613,0.02840,115871,0.02890,120705,0.04170,123463,0.02280,128739,0.04270,0.24910,3.11000,0.27770,30.5082551,-97.678896,68952,72108,69998,69533,70952,72412,74087,76295,71792.125
1620000US4848072,4848072,Midland , Texas,111284,113949,0.02390,119830,0.05160,124223,0.03670,128446,0.03400,133523,0.03950,135019,0.01120,136353,0.00990,142344,0.04390,0.25080,3.13000,0.27910,31.9973456,-102.0779146,48843,50203,50497,50928,50433,53722,54612,58910,52268.5
1620000US4751560,4751560,Murfreesboro , Tennessee,109524,111716,0.02000,113824,0.01890,116872,0.02680,120562,0.03160,125585,0.04170,131242,0.04500,136103,0.03700,141344,0.03850,0.25950,3.24000,0.29050,35.8456213,-86.39027,32500,30556,30391,29946,28333,26724,26932,32250,29704
1620000US0636770,636770,Irvine , California,213392,220261,0.03220,229083,0.04010,236134,0.03080,247283,0.04720,255614,0.03370,265721,0.03950,276413,0.04020,282572,0.02230,0.28600,3.57000,0.32420,33.6845673,-117.8265049,90939,92599,92663,90585,91999,92278,93823,95573,92557.375
1620000US4845744,4845744,McKinney , Texas,132943,137921,0.03740,143506,0.04050,149207,0.03970,157139,0.05320,163458,0.04020,173336,0.06040,181757,0.04860,191645,0.05440,0.37450,4.68000,0.44160,33.1983388,-96.6389342,78256,80855,81894,81118,82988,81459,83257,87608,82179.375
1620000US4827684,4827684,Frisco , Texas,118192,123483,0.04480,128403,0.03980,136733,0.06490,144878,0.05960,154157,0.06400,163841,0.06280,177286,0.08210,188170,0.06140,0.47940,5.99000,0.59210,33.1506744,-96.8236116,103533,105647,108428,108284,112155,114098,117642,120701,111311
